episode,step,ep_return,eps,mean_loss
1,98,-697.9909999999999,0.9968966666666667,0.3101931708199637
2,170,-115.603,0.9946166666666667,0.38548212945461274
3,218,-255.55000000000007,0.9930966666666666,0.31476177513599396
4,292,-269.297,0.9907533333333334,0.29500588685274126
5,358,-708.9379999999999,0.9886633333333333,0.7244261127710342
6,423,-593.1310000000001,0.986605,0.4874833315610886
7,489,25.407999999999987,0.984515,0.4182086324691772
8,563,-116.61100000000006,0.9821716666666667,0.3984368360042572
9,649,-193.12599999999983,0.9794483333333334,0.9212432312965393
10,722,-586.9430000000001,0.9771366666666667,0.5660875123739243
11,786,-182.054,0.97511,0.5147912406921387
12,857,-233.89900000000006,0.9728616666666666,0.5113582402467728
13,922,-146.791,0.9708033333333334,0.6442039561271667
14,1005,-514.404,0.968175,0.5793379443883896
15,1092,-68.05500000000012,0.96542,0.5056220674514771
16,1197,2.702000000000055,0.962095,0.4882685452699661
17,1269,-71.68100000000007,0.959815,0.6337324619293213
18,1344,-836.188,0.95744,0.5648071426153183
19,1415,-12.459999999999908,0.9551916666666667,0.555114284157753
20,1474,-11.420999999999964,0.9533233333333333,0.5197094285488129
21,1544,-303.89200000000005,0.9511066666666667,0.7798213630914688
22,1610,-326.57300000000004,0.9490166666666666,0.6426025569438935
23,1701,-16.681999999999952,0.946135,0.6167410469055176
24,1789,-209.18099999999998,0.9433483333333333,0.5413286262750625
25,1847,-424.17199999999997,0.9415116666666666,0.7594211149215698
26,1921,-99.42500000000001,0.9391683333333334,0.6297801434993744
27,1971,-640.4449999999999,0.937585,0.6174945664405823
28,2085,-319.18399999999997,0.933975,0.5485735356807708
29,2179,-325.1750000000002,0.9309983333333334,0.7076201045513153
30,2257,-449.70300000000015,0.9285283333333333,0.6501787459850311
31,2340,-299.7070000000001,0.9259,0.6392376339435577
32,2446,-242.76200000000009,0.9225433333333334,0.691475555896759
33,2513,-381.3960000000001,0.9204216666666667,0.6128402906656265
34,2601,39.32599999999995,0.917635,0.5685899353027344
35,2661,-70.69299999999998,0.915735,0.5717430549860001
36,2721,-706.08,0.913835,0.6543214499950409
37,2793,-100.71599999999998,0.911555,0.6936027818918228
38,2878,-76.51499999999992,0.9088633333333334,0.6167578440904617
39,2939,-318.06299999999993,0.9069316666666667,0.6223641186952591
40,3018,-311.928,0.9044300000000001,0.6528264772891998
41,3106,-277.4029999999999,0.9016433333333334,0.7204253941774368
42,3166,-138.323,0.8997433333333333,0.6123901945352554
43,3235,-80.42699999999994,0.8975583333333333,0.6392220067977905
44,3297,-211.409,0.895595,0.6115491586923599
45,3388,81.83999999999999,0.8927133333333334,0.6899476265907287
46,3459,24.39300000000003,0.8904650000000001,0.6225497883558273
47,3531,-191.98600000000005,0.888185,0.6263252198696136
48,3606,-224.84100000000007,0.88581,0.6345855647325516
49,3672,-31.385999999999925,0.8837200000000001,0.7282780885696412
50,3762,-147.02399999999994,0.88087,0.6813079047203064
51,3846,-266.41299999999995,0.87821,0.6640463620424271
52,3917,-165.15999999999997,0.8759616666666666,0.6885609096288681
53,3986,-12.72100000000006,0.8737766666666666,0.6709316962957382
54,4077,24.626000000000005,0.870895,0.6570352774858474
55,4163,-343.0769999999999,0.8681716666666667,0.615289353132248
56,4242,-208.20899999999995,0.8656699999999999,0.7157049161195755
57,4303,-577.2679999999999,0.8637383333333333,0.671605703830719
58,4360,-190.80299999999994,0.8619333333333333,0.6832065945863723
59,4410,-389.256,0.86035,0.6687753635644913
60,4449,-98.59299999999996,0.8591150000000001,0.6300630980730056
61,4521,-91.82000000000015,0.856835,0.7077196031808853
62,4582,-665.984,0.8549033333333333,0.7064807915687561
63,4642,-129.48700000000014,0.8530033333333333,0.6861351096630096
64,4694,-244.74999999999997,0.8513566666666667,0.6551281142234803
65,4736,-59.26800000000006,0.8500266666666667,0.7416885244846344
66,4795,-463.97999999999996,0.8481583333333333,0.6628504663705825
67,4864,-329.64,0.8459733333333334,0.7563343000411987
68,4950,-976.1769999999999,0.84325,0.708926932811737
69,5001,-274.374,0.841635,0.7027278453111648
70,5075,-75.37199999999996,0.8392916666666667,0.6274890947341919
71,5155,-367.99799999999993,0.8367583333333333,0.774049261212349
72,5228,-239.73299999999998,0.8344466666666667,0.7475515151023865
73,5290,-214.90800000000002,0.8324833333333334,0.7746508115530014
74,5348,-127.73900000000009,0.8306466666666666,0.6962201046943665
75,5419,50.438999999999936,0.8283983333333333,0.7579689592123031
76,5473,-144.98199999999997,0.8266883333333334,0.7364310282468796
77,5541,-600.832,0.824535,0.7344571393728256
78,5607,-138.20800000000006,0.822445,0.7156271880865097
79,5680,37.05399999999992,0.8201333333333334,0.7565694373846054
80,5767,-133.874,0.8173783333333333,0.754782902598381
81,5823,-201.45400000000006,0.815605,0.7576083785295487
82,5874,-393.30000000000007,0.81399,0.6580704116821289
83,5923,-137.26099999999997,0.8124383333333334,0.72086201608181
84,5982,-257.05400000000003,0.81057,0.6645156222581864
85,6037,-334.49899999999997,0.8088283333333334,0.7579809087514877
86,6119,-35.12000000000009,0.8062316666666667,0.7725281655788422
87,6204,-1143.9539999999997,0.80354,0.6653937983512879
88,6269,-626.713,0.8014816666666666,0.7225830310583115
89,6340,-171.68799999999996,0.7992333333333334,0.7999339705705643
90,6419,-647.895,0.7967316666666666,0.7499989068508148
91,6463,-288.9529999999999,0.7953383333333334,0.7438821929693222
92,6524,-157.61999999999995,0.7934066666666667,0.7097241812944413
93,6594,-956.275,0.7911900000000001,0.8044517701864242
94,6659,-235.653,0.7891316666666667,0.798898566365242
95,6729,-563.516,0.786915,0.7546292674541474
96,6796,-307.0430000000001,0.7847933333333333,0.7769126534461975
97,6876,-70.24200000000008,0.78226,0.7660298776626587
98,6948,-100.59,0.77998,0.7822199416160583
99,7013,-26.363000000000127,0.7779216666666666,0.726879061460495
100,7057,-174.77400000000006,0.7765283333333334,0.7942541927099228
101,7136,-232.94199999999995,0.7740266666666666,0.7532888722419738
102,7220,-318.9570000000001,0.7713666666666666,0.7570036554336548
103,7303,-108.4030000000001,0.7687383333333333,0.7655156660079956
104,7359,-218.14699999999996,0.766965,0.7567625331878662
105,7422,12.025999999999968,0.76497,0.8054398548603058
106,7480,-233.185,0.7631333333333333,0.7333574426174164
107,7569,-3.6409999999998064,0.760315,0.7621585309505463
108,7647,152.96100000000007,0.757845,0.7677684450149536
109,7720,-412.72,0.7555333333333334,0.7362227177619934
110,7787,3.048000000000002,0.7534116666666667,0.7883226501941681
111,7854,-619.2210000000001,0.75129,0.8956628423929215
112,7911,-79.8570000000001,0.749485,0.7992952561378479
113,7956,-159.27200000000005,0.74806,0.7610561615228653
114,8026,-25.537999999999982,0.7458433333333334,0.7267992395162582
115,8088,-143.06899999999996,0.74388,0.7795984119176864
116,8155,-393.97900000000027,0.7417583333333333,0.8781473761796952
117,8226,-251.52,0.73951,0.7711741989850998
118,8300,-304.83799999999997,0.7371666666666667,0.7840587049722672
119,8370,-197.6289999999999,0.73495,0.7064649218320846
120,8411,-218.16699999999997,0.7336516666666667,0.7294063758850098
121,8465,18.89199999999994,0.7319416666666667,0.8214935904741287
122,8541,-811.6609999999997,0.729535,0.7724792969226837
123,8604,-466.2449999999999,0.7275400000000001,0.8068917399644852
124,8664,-340.658,0.7256400000000001,0.8234730327129364
125,8720,-310.67600000000004,0.7238666666666667,0.7701746016740799
126,8795,-524.9539999999998,0.7214916666666666,0.7465469485521317
127,8860,-104.86099999999993,0.7194333333333334,0.8200291806459427
128,8935,-421.93400000000014,0.7170583333333334,0.8311930406093597
129,8980,-54.126000000000076,0.7156333333333333,0.855139535665512
130,9053,-219.33700000000007,0.7133216666666666,0.8629541617631912
131,9139,-650.805,0.7105983333333334,0.8743455642461777
132,9198,-216.279,0.7087300000000001,0.795149986743927
133,9251,-397.028,0.7070516666666666,0.7900053322315216
134,9298,-3.1450000000001523,0.7055633333333333,0.9147208893299102
135,9376,-17.927999999999983,0.7030933333333333,0.8293003171682358
136,9427,-50.044000000000054,0.7014783333333334,0.8265740370750427
137,9488,7.699999999999932,0.6995466666666668,0.8181958836317063
138,9554,-182.18999999999983,0.6974566666666666,0.9289396268129348
139,9601,-173.92299999999994,0.6959683333333333,0.8345969581604004
140,9681,-329.73300000000006,0.693435,0.7954742455482483
141,9751,-168.0870000000001,0.6912183333333333,0.7663148063421249
142,9816,-72.7439999999999,0.68916,0.865825771689415
143,9879,-437.309,0.687165,0.9214305710792542
144,9953,-314.41999999999996,0.6848216666666667,0.8461013770103455
145,10024,-294.07000000000005,0.6825733333333334,0.8410216379165649
146,10095,-151.27200000000005,0.6803250000000001,0.8313478720188141
147,10155,-226.909,0.6784250000000001,0.9080546599626541
148,10233,-53.74900000000001,0.6759550000000001,0.8962010180950165
149,10299,-167.6960000000001,0.673865,0.8645764660835266
150,10378,14.142000000000053,0.6713633333333333,0.9136484301090241
151,10466,-349.62899999999996,0.6685766666666667,0.9080364888906479
152,10548,-226.36799999999997,0.66598,0.9059255117177963
153,10604,-397.94499999999994,0.6642066666666667,0.8949119371175766
154,10664,-180.70600000000002,0.6623066666666667,0.961921728849411
155,10715,4.91599999999994,0.6606916666666667,0.8076331049203873
156,10767,-531.812,0.659045,0.783176771402359
157,10833,-243.02500000000006,0.656955,0.8423123598098755
158,10892,-134.28500000000005,0.6550866666666667,0.9093121421337128
159,10945,-34.388000000000034,0.6534083333333334,0.8650352430343627
160,10996,-139.03400000000005,0.6517933333333333,0.8285358285903931
161,11056,-30.987999999999857,0.6498933333333334,0.7773042845726014
162,11121,-36.20800000000003,0.647835,0.7516381895542145
163,11186,74.2559999999999,0.6457766666666667,0.8779918670654296
164,11240,-451.07000000000005,0.6440666666666667,0.8828878766298294
165,11300,-155.17400000000004,0.6421666666666668,0.9054456561803818
166,11384,99.6229999999999,0.6395066666666667,0.8998471873998642
167,11449,-128.93600000000012,0.6374483333333334,0.9812013787031174
168,11500,-161.59299999999996,0.6358333333333333,0.9456634759902954
169,11563,-121.62500000000011,0.6338383333333333,0.9563990199565887
170,11620,-87.95200000000004,0.6320333333333334,0.9809622049331665
171,11668,-63.93700000000009,0.6305133333333333,0.7834245896339417
172,11715,-93.54300000000003,0.629025,0.900812663435936
173,11775,-205.45099999999996,0.6271249999999999,0.9223498797416687
174,11826,-145.3870000000001,0.62551,0.901203453540802
175,11874,-89.45500000000004,0.62399,0.8291353189945221
176,11933,64.32800000000012,0.6221216666666667,0.8301637214422226
177,11997,-42.985000000000014,0.6200950000000001,0.9132023686170578
178,12067,-564.4480000000001,0.6178783333333333,0.8654459291696548
179,12119,-183.87299999999993,0.6162316666666667,0.9040346664190292
180,12169,-315.63900000000007,0.6146483333333334,0.9002307188510895
181,12233,-126.69600000000001,0.6126216666666666,0.8420844322443009
182,12281,-99.29499999999999,0.6111016666666667,0.890857818722725
183,12339,48.319999999999965,0.609265,0.9371847957372665
184,12405,-344.80199999999985,0.607175,0.8443012624979019
185,12470,-14.184999999999881,0.6051166666666667,0.8845967066287994
186,12530,-63.768999999999956,0.6032166666666667,0.8194374769926072
187,12586,-111.49499999999992,0.6014433333333333,0.8656418281793594
188,12638,-130.292,0.5997966666666668,0.8999470388889312
189,12699,-217.38800000000012,0.5978650000000001,0.9456711089611054
190,12774,-471.03700000000015,0.5954900000000001,1.0233873438835144
191,12820,-18.120000000000033,0.5940333333333334,0.9436177003383637
192,12876,-240.7729999999999,0.59226,0.8666788557171822
193,12935,-170.35599999999994,0.5903916666666666,0.9490427553653717
194,12982,-129.66099999999997,0.5889033333333333,0.8891205078363419
195,13056,-515.845,0.58656,0.8810522395372391
196,13105,-122.60899999999998,0.5850083333333334,0.9619619026780128
197,13177,-83.24600000000001,0.5827283333333334,0.7791489559412003
198,13241,-48.60200000000006,0.5807016666666667,0.939157308936119
199,13296,-658.349,0.57896,0.8806308388710022
200,13364,-253.79700000000003,0.5768066666666667,0.9066452044248581
201,13411,-168.74499999999995,0.5753183333333334,0.7800351172685623
202,13454,-234.54899999999992,0.5739566666666667,0.9496370726823806
203,13517,-263.27800000000013,0.5719616666666667,0.9485842382907868
204,13584,-257.77700000000004,0.56984,0.9214750450849533
205,13644,8.033999999999935,0.5679400000000001,0.9666598260402679
206,13687,-79.63900000000001,0.5665783333333334,0.9167258131504059
207,13732,-38.35600000000008,0.5651533333333334,0.9342235231399536
208,13780,-212.40599999999992,0.5636333333333334,0.9182008683681488
209,13821,-174.76200000000006,0.562335,0.9962082850933075
210,13884,-203.98600000000005,0.5603400000000001,0.9507008594274521
211,13942,-392.1099999999999,0.5585033333333334,0.9275455170869827
212,14001,-442.08400000000006,0.556635,1.005540388226509
213,14054,-159.24199999999996,0.5549566666666668,0.9874424993991852
214,14114,-153.5699999999999,0.5530566666666668,0.9541926032304764
215,14170,-228.68200000000007,0.5512833333333333,0.9834618628025055
216,14217,-126.34600000000006,0.549795,0.9543456262350083
217,14279,-82.97399999999998,0.5478316666666667,0.9232555478811264
218,14324,-82.11699999999999,0.5464066666666667,0.9352767843008042
219,14375,-367.986,0.5447916666666667,0.9966696363687515
220,14432,-107.18400000000003,0.5429866666666667,1.0579823064804077
221,14478,-367.62200000000007,0.5415300000000001,0.9296902322769165
222,14543,-588.002,0.5394716666666667,1.0466288620233535
223,14606,-501.7109999999999,0.5374766666666666,0.9484002125263215
224,14659,-116.69799999999995,0.5357983333333334,0.9541577571630477
225,14707,-321.95300000000003,0.5342783333333334,0.8857213193178177
226,14758,-200.26800000000003,0.5326633333333334,0.9375086414813996
227,14819,-384.9439999999999,0.5307316666666667,0.9833711183071137
228,14867,-244.55199999999996,0.5292116666666666,1.0196775805950165
229,14918,-364.01200000000006,0.5275966666666667,0.9135604679584504
230,14983,-157.17399999999998,0.5255383333333333,0.9897344321012497
231,15039,-235.98899999999983,0.523765,0.9380455303192139
232,15084,-219.28300000000004,0.52234,1.0695579940080642
233,15156,-600.2660000000001,0.52006,0.947106140255928
234,15201,-134.71799999999996,0.518635,0.8948623150587082
235,15248,-93.81400000000002,0.5171466666666666,1.0453005200624466
236,15309,-539.635,0.515215,1.0329596656560898
237,15355,-280.0450000000001,0.5137583333333333,0.895268195271492
238,15416,45.7250000000001,0.5118266666666667,0.9531305146217346
239,15460,-438.9240000000001,0.5104333333333334,0.940459457039833
240,15512,-220.43599999999998,0.5087866666666667,1.0389696371555328
241,15579,-259.592,0.506665,1.0349521851539611
242,15635,-190.17000000000007,0.5048916666666667,0.9047543275356292
243,15683,-336.701,0.5033716666666667,0.9935670053958893
244,15735,-111.30400000000002,0.501725,0.9437855613231659
245,15799,-468.13900000000007,0.49969833333333336,0.8821649241447449
246,15844,-121.8369999999999,0.49827333333333335,1.0277077597379685
247,15898,-22.822000000000287,0.49656333333333336,1.0151448476314544
248,15938,-78.05400000000004,0.4952966666666667,0.9579673475027084
249,15978,-19.669999999999902,0.4940300000000001,1.0115852189064025
250,16023,1.0929999999999325,0.49260499999999996,0.9502172094583511
251,16066,-3.255999999999972,0.49124333333333337,0.980468699336052
252,16120,-118.90300000000002,0.4895333333333334,1.0547001254558563
253,16167,-270.5159999999999,0.48804499999999995,0.9904269385337829
254,16216,-213.293,0.48649333333333333,0.9871943861246109
255,16273,-169.62700000000012,0.4846883333333334,0.9791388010978699
256,16318,-166.25900000000004,0.48326333333333327,1.1173039084672929
257,16363,-196.26699999999994,0.48183833333333337,1.0855938589572907
258,16438,182.04400000000004,0.47946333333333335,0.8556893122196197
259,16478,-369.972,0.4781966666666667,0.9994971603155136
260,16526,-159.4190000000001,0.47667666666666675,0.9462988305091858
261,16569,-128.69099999999995,0.47531500000000004,0.9745631432533264
262,16611,-136.56300000000005,0.4739850000000001,1.0120572555065155
263,16651,-594.9609999999999,0.47271833333333335,1.0277110505104066
264,16705,-109.3149999999999,0.47100833333333336,0.9944965016841888
265,16774,-477.9210000000001,0.46882333333333337,1.0701573652029037
266,16844,-242.0589999999999,0.4666066666666667,0.9601165217161178
267,16892,-94.02199999999999,0.46508666666666665,1.0374892473220825
268,16956,-503.2490000000001,0.46306,0.9177276366949081
269,17032,-533.9630000000001,0.46065333333333336,1.081743266582489
270,17106,-377.722,0.45831,1.0065271687507629
271,17147,-70.97299999999994,0.4570116666666667,1.0494316440820695
272,17211,228.47500000000008,0.4549850000000001,1.0624064928293229
273,17268,-413.72,0.45318,1.0287162590026855
274,17326,-226.71199999999996,0.4513433333333333,1.0466589576005936
275,17378,-49.749999999999986,0.44969666666666663,1.1541293638944625
276,17447,-677.625,0.44751166666666664,1.0308039999008178
277,17506,-217.42899999999997,0.4456433333333334,1.012471734881401
278,17558,-35.531000000000006,0.4439966666666666,1.0392902261018753
279,17617,-649.6930000000001,0.44212833333333335,1.0677548080682755
280,17683,-258.0059999999999,0.4400383333333333,1.042521098256111
281,17739,-76.24799999999999,0.438265,1.0640133625268937
282,17780,-254.25900000000013,0.4369666666666667,1.1234785133600236
283,17830,-324.905,0.43538333333333334,1.1496923911571502
284,17887,-385.7740000000001,0.4335783333333334,1.114478412270546
285,17947,-139.30400000000003,0.4316783333333334,1.121808070540428
286,17997,-70.83300000000004,0.430095,1.0337175190448762
287,18038,-239.848,0.4287966666666667,1.1033890962600708
288,18091,-154.125,0.4271183333333334,0.9491045767068863
289,18141,-232.873,0.425535,1.1817181479930878
290,18199,-246.97999999999996,0.4236983333333333,1.1581481564044953
291,18248,-19.223000000000013,0.4221466666666668,1.0142321664094924
292,18305,-512.332,0.4203416666666667,1.0531101018190383
293,18365,-388.178,0.4184416666666667,0.9717589670419693
294,18425,-65.7109999999999,0.4165416666666667,1.0849475264549255
295,18506,-43.18499999999999,0.41397666666666666,1.068176246881485
296,18560,-150.8730000000001,0.41226666666666667,1.1641027849912644
297,18602,11.643999999999977,0.41093666666666673,0.9721920210123062
298,18652,-214.2800000000001,0.40935333333333335,1.2164241337776185
299,18684,-153.09400000000002,0.40834000000000004,1.2741025352478028
300,18756,-237.14700000000005,0.4060600000000001,1.1067376226186751
301,18802,-139.06400000000008,0.4046033333333333,1.2330556517839433
302,18862,-289.714,0.4027033333333333,1.1240194356441497
303,18919,-516.3829999999999,0.40089833333333336,1.0272809720039369
304,18957,-63.06800000000001,0.399695,1.0981117618083953
305,19016,-100.89499999999998,0.39782666666666666,1.2652989929914475
306,19066,-309.653,0.3962433333333334,1.081613050699234
307,19112,-520.246,0.39478666666666673,1.1227774500846863
308,19158,71.41899999999998,0.39333000000000007,1.01828551530838
309,19206,-48.932999999999964,0.39181,1.1828746217489243
310,19246,-134.497,0.39054333333333335,1.0753015732765199
311,19301,-135.15900000000002,0.3888016666666667,1.1347207880020143
312,19351,-550.402,0.38721833333333333,1.155051474571228
313,19389,-264.49800000000005,0.386015,1.1124308919906616
314,19438,-148.58400000000006,0.3844633333333334,1.1798769062757493
315,19489,-247.2549999999999,0.38284833333333346,1.1389829808473586
316,19524,-83.46299999999988,0.38173999999999997,1.2131083768606186
317,19578,-242.46699999999998,0.3800300000000001,1.177432004213333
318,19629,-228.911,0.37841500000000006,1.1075852274894715
319,19685,-291.8579999999999,0.37664166666666665,1.0505656719207763
320,19745,-363.2720000000001,0.37474166666666664,0.9883140921592712
321,19785,11.940999999999832,0.373475,1.1723700422048569
322,19827,-63.35600000000005,0.37214499999999995,1.230776066184044
323,19883,-986.8979999999999,0.37037166666666677,1.1924125528335572
324,19932,-332.1960000000001,0.36882000000000004,1.2201020312309265
325,19976,-33.39599999999998,0.3674266666666667,1.0860329973697662
326,20032,-545.916,0.3656533333333334,1.1531530708074569
327,20079,-86.46500000000006,0.36416500000000007,1.0460593032836913
328,20132,-184.74599999999998,0.3624866666666666,1.1746474105119704
329,20177,-139.21699999999998,0.3610616666666667,1.1550910949707032
330,20228,-219.74199999999996,0.3594466666666667,1.1429265254735947
331,20277,-108.58100000000019,0.3578950000000001,1.2236625975370408
332,20314,-231.229,0.3567233333333333,1.171858469247818
333,20362,-228.90099999999995,0.3552033333333334,1.2126457041502
334,20401,-93.36899999999999,0.35396833333333333,1.0785394734144211
335,20440,-153.33800000000008,0.35273333333333334,1.2235151559114457
336,20480,11.959999999999923,0.3514666666666667,1.129217118024826
337,20542,-61.2770000000001,0.3495033333333334,1.1373721981048583
338,20582,-92.38499999999996,0.34823666666666664,1.2966252452135085
339,20628,-225.335,0.3467800000000001,1.2790566724538803
340,20668,-18.063999999999993,0.34551333333333345,1.2251432901620865
341,20714,-193.51199999999994,0.3440566666666667,1.2482614719867706
342,20764,78.91299999999998,0.3424733333333333,1.1178641015291213
343,20811,-240.94099999999995,0.3409850000000001,1.1096526086330414
344,20855,26.230999999999938,0.3395916666666666,1.1808448386192323
345,20893,-263.62799999999993,0.3383883333333334,1.162199323773384
346,20977,-815.9019999999999,0.3357283333333333,1.2865003365278245
347,21025,-266.515,0.33420833333333344,1.1867259150743485
348,21064,-186.82800000000003,0.33297333333333334,1.238928109407425
349,21111,-340.34900000000005,0.33148500000000003,1.2605511057376861
350,21149,-187.051,0.3302816666666667,1.1657616490125655
351,21198,-517.1869999999999,0.3287300000000001,1.2046458959579467
352,21239,-44.23100000000003,0.3274316666666667,1.265157396197319
353,21296,-233.54500000000002,0.32562666666666673,1.1521214187145232
354,21347,-420.96899999999994,0.3240116666666667,1.2674157398939132
355,21389,-33.30800000000001,0.32268166666666676,1.4528148025274277
356,21428,-18.637000000000057,0.32144666666666666,1.3138343757390976
357,21474,-378.66099999999994,0.31999,1.117439360022545
358,21521,-109.54099999999995,0.3185016666666667,1.140469832420349
359,21561,-138.3520000000001,0.31723500000000004,1.161406579017639
360,21599,-68.93899999999996,0.3160316666666667,1.182127178311348
361,21642,-173.669,0.31467,1.1953957998752593
362,21684,-93.75500000000011,0.31334000000000006,1.2291014111042022
363,21736,-175.29499999999996,0.3116933333333334,1.146829217672348
364,21777,-33.215,0.3103950000000001,1.1051922583580016
365,21824,-239.71999999999997,0.30890666666666666,1.1287062513828277
366,21871,-249.94099999999992,0.30741833333333335,1.0370724236965179
367,21921,-269.97499999999997,0.30583499999999997,1.0790333634614944
368,21971,-176.878,0.3042516666666667,1.1379324704408647
369,22037,-491.89300000000003,0.30216166666666666,1.3086040860414505
370,22100,-229.464,0.3001666666666667,1.2426243555545806
371,22153,-141.25500000000005,0.29848833333333336,1.2077209842205048
372,22206,-52.462000000000046,0.29681,1.2267574018239975
373,22257,-324.71299999999997,0.295195,1.246018609404564
374,22315,24.231000000000087,0.2933583333333334,1.2396215796470642
375,22353,-273.835,0.29215500000000005,1.1568810361623765
376,22402,-84.89699999999999,0.2906033333333333,1.220300030708313
377,22451,38.54300000000006,0.2890516666666667,1.1738378047943114
378,22491,-195.8680000000001,0.28778499999999996,1.203203331232071
379,22539,-293.601,0.2862650000000001,1.2639404499530793
380,22576,-63.08000000000007,0.2850933333333333,1.2624539625644684
381,22640,-706.8639999999998,0.2830666666666667,1.1683867764472962
382,22685,-189.68099999999993,0.2816416666666667,1.1514349013566971
383,22735,-34.2740000000001,0.2800583333333333,1.1917358046770097
384,22799,-730.903,0.2780316666666667,1.1473816615343093
385,22839,-3.4019999999999584,0.27676500000000004,1.3383317077159882
386,22890,-437.113,0.27515,1.2913203591108322
387,22924,-68.21799999999998,0.2740733333333334,1.3192275267839433
388,22971,-134.629,0.27258499999999997,1.1699850070476532
389,23012,-76.29599999999999,0.2712866666666667,1.1861260449886322
390,23088,-1149.7229999999997,0.2688800000000001,1.215810970067978
391,23151,161.06699999999998,0.26688500000000004,1.1275282102823256
392,23193,-138.70599999999993,0.265555,1.2550228053331376
393,23238,-250.06999999999996,0.2641300000000001,1.1849952870607376
394,23280,26.41300000000004,0.26280000000000003,1.057371591925621
395,23325,-129.80900000000003,0.261375,1.1480406945943833
396,23376,-146.551,0.25976,1.2904571986198425
397,23416,-174.71099999999996,0.25849333333333335,1.2555071318149567
398,23460,-234.541,0.2571,1.3038048732280731
399,23520,-141.95600000000007,0.2552,1.3633165335655213
400,23572,-228.508,0.2535533333333334,1.252201588153839
401,23615,-48.47299999999997,0.2521916666666667,1.300039650797844
402,23653,-138.10700000000003,0.25098833333333337,1.192491220831871
403,23708,-285.84899999999993,0.24924666666666673,1.2111836194992065
404,23760,-210.5099999999999,0.24760000000000004,1.1876821058988571
405,23796,-93.04200000000003,0.24646,1.2817092376947403
406,23845,-301.8,0.2449083333333334,1.1791466307640075
407,23877,-78.02900000000008,0.24389499999999997,1.2236265635490418
408,23915,-345.043,0.24269166666666664,1.270152839422226
409,23957,-109.51600000000003,0.2413616666666667,1.0303233224153518
410,23993,-271.53499999999997,0.24022166666666678,1.4392137306928634
411,24036,-46.3540000000001,0.23885999999999996,1.374340038895607
412,24080,-215.35000000000005,0.23746666666666671,1.1734168195724488
413,24124,-108.23000000000009,0.23607333333333336,1.4051402550935745
414,24156,-88.81800000000003,0.23506000000000005,1.3696713227033614
415,24201,-353.885,0.23363500000000004,1.1267887264490128
416,24243,-93.51000000000005,0.23230499999999998,1.2838017451763153
417,24292,2.8250000000000526,0.23075333333333337,1.337846211194992
418,24334,-168.30899999999997,0.2294233333333333,1.2570994627475738
419,24387,-481.472,0.2277450000000001,1.2694890093803406
420,24429,-135.19600000000003,0.22641500000000003,1.1718667083978653
421,24463,-48.01400000000007,0.2253383333333333,1.274320815205574
422,24510,-245.61700000000008,0.2238500000000001,1.3915637362003326
423,24567,-385.95899999999995,0.22204500000000005,1.3185454571247102
424,24606,-213.563,0.22080999999999995,1.2725955367088317
425,24654,-149.53799999999998,0.2192900000000001,1.287546346783638
426,24704,-115.43199999999999,0.21770666666666671,1.252406855225563
427,24751,-359.46700000000016,0.2162183333333334,1.387803201675415
428,24795,-85.46199999999999,0.21482500000000004,1.3006018328666686
429,24840,-235.23500000000004,0.21340000000000003,1.2033997458219527
430,24877,-63.35499999999996,0.21222833333333335,1.3130721259117126
431,24917,-225.191,0.21096166666666671,1.3484772151708604
432,24961,-300.94399999999996,0.20956833333333336,1.2151781022548676
433,24995,-48.00500000000008,0.20849166666666663,1.171819847226143
434,25030,-23.520000000000124,0.20738333333333336,1.1487882322072982
435,25076,-263.753,0.2059266666666667,1.3321262675523757
436,25122,-440.586,0.20447000000000004,1.3956472766399384
437,25169,-187.26500000000004,0.20298166666666673,1.432159526348114
438,25217,-109.48100000000005,0.20146166666666665,1.463605647087097
439,25274,-458.255,0.1996566666666667,1.3485437846183777
440,25314,-159.53599999999992,0.19839000000000007,1.283784230351448
441,25354,-93.24400000000001,0.19712333333333343,1.330267464518547
442,25407,-471.4759999999999,0.1954450000000001,1.1214003068208696
443,25448,-48.50000000000006,0.1941466666666668,1.2621782612800598
444,25488,-33.08299999999999,0.19288000000000005,1.4669529789686202
445,25543,-176.63299999999998,0.1911383333333333,1.2807280564308166
446,25584,-115.184,0.18984,1.1433807080984115
447,25629,-213.21099999999996,0.1884150000000001,1.1867744934558868
448,25673,-346.99300000000005,0.18702166666666664,1.193568048477173
449,25721,-150.33200000000005,0.18550166666666668,1.364862185716629
450,25764,-295.94299999999987,0.18414000000000008,1.2780178838968277
451,25801,-68.47400000000002,0.1829683333333334,1.3049301546812058
452,25847,-91.00199999999992,0.18151166666666663,1.2543098545074463
453,25900,-247.28899999999993,0.1798333333333334,1.3201528459787368
454,25933,-63.01100000000002,0.17878833333333333,1.342054810523987
455,25980,-59.93399999999997,0.1773,1.3401028513908386
456,26018,-18.050999999999988,0.1760966666666668,1.2488049054145813
457,26065,9.381,0.17460833333333337,1.1921698915958405
458,26116,-211.476,0.17299333333333333,1.426293267607689
459,26150,-63.004000000000005,0.17191666666666672,1.3408856749534608
460,26193,-571.527,0.170555,1.326250672340393
461,26233,11.980999999999995,0.16928833333333337,1.3072271662950516
462,26272,-318.817,0.1680533333333334,1.3481095445156097
463,26305,-78.02499999999992,0.16700833333333331,1.2901730448007585
464,26336,-213.033,0.16602666666666666,1.3462138974666595
465,26372,-33.001000000000026,0.16488666666666674,1.4072382402420045
466,26426,-357.60599999999994,0.16317666666666664,1.3061452853679656
467,26465,-323.495,0.16194166666666676,1.4755156886577607
468,26519,-405.871,0.16023166666666666,1.318352659344673
469,26567,-154.11000000000007,0.1587116666666668,1.2163788408041
470,26605,-153.62400000000002,0.15750833333333336,1.3553884780406953
471,26650,-370.42500000000007,0.15608333333333335,1.5800268870592118
472,26684,-62.970000000000084,0.15500666666666674,1.2662051820755005
473,26738,-248.48099999999994,0.15329666666666675,1.2118678021430969
474,26774,-3.0399999999999636,0.15215666666666672,1.3817495673894882
475,26817,-120.60899999999995,0.150795,1.265427712202072
476,26851,-108.33300000000004,0.1497183333333334,1.1725112587213515
477,26891,-18.05500000000007,0.14845166666666676,1.4471393144130706
478,26934,-193.99200000000005,0.14709000000000005,1.456536082625389
479,26970,-3.027999999999878,0.14595000000000002,1.3866283595561981
480,27009,11.945000000000022,0.14471500000000004,1.3993243396282196
481,27044,-78.02599999999998,0.14360666666666677,1.2591248309612275
482,27104,-406.5789999999999,0.14170666666666676,1.4906876254081727
483,27142,26.974999999999994,0.14050333333333342,1.307093254327774
484,27182,-165.935,0.13923666666666668,1.1530224999785423
485,27230,-360.645,0.1377166666666667,1.3778942739963531
486,27271,-256.2690000000001,0.1364183333333333,1.2974955105781556
487,27314,-33.73899999999998,0.1350566666666667,1.5995618557929994
488,27366,-232.28299999999996,0.13341000000000003,1.2916937214136124
489,27404,-23.871000000000016,0.1322066666666667,1.331348786354065
490,27436,-48.01599999999999,0.13119333333333338,1.375768904685974
491,27477,56.959999999999894,0.12989499999999998,1.344672812819481
492,27517,26.92799999999994,0.12862833333333334,1.324164650440216
493,27557,-211.8590000000001,0.1273616666666667,1.3551453351974487
494,27606,-294.4390000000001,0.12580999999999998,1.3419473028182984
495,27661,-219.59799999999996,0.12406833333333334,1.2946544539928437
496,27696,-123.04599999999995,0.12296000000000007,1.2878830170631408
497,27728,-78.02600000000001,0.12194666666666665,1.4604416489601135
498,27763,-168.274,0.12083833333333338,1.376566439270973
499,27807,-324.401,0.11944500000000013,1.4338140928745269
500,27846,-219.98500000000013,0.11821000000000004,1.1624236804246904
501,27884,-78.44499999999996,0.1170066666666667,1.2908261650800705
502,27935,-119.34100000000001,0.11539166666666667,1.3102383035421372
503,27972,27.076000000000036,0.11421999999999999,1.2426611232757567
504,28016,-3.3340000000000103,0.11282666666666674,1.3045625329017638
505,28057,-54.44200000000009,0.11152833333333334,1.277007941007614
506,28112,-814.263,0.1097866666666667,1.5056529194116592
507,28151,11.97500000000008,0.10855166666666671,1.478237493634224
508,28188,-201.02199999999996,0.10738000000000003,1.4164136976003647
509,28222,-63.02200000000005,0.10630333333333342,1.4010737943649292
510,28261,-68.1600000000001,0.10506833333333343,1.328886592388153
511,28294,-33.013000000000034,0.10402333333333336,1.353762117624283
512,28330,-3.0339999999999776,0.10288333333333333,1.3797952044010162
513,28366,-47.99599999999998,0.10174333333333341,1.2792945796251296
514,28414,-270.872,0.10022333333333333,1.4880070477724074
515,28481,-607.8549999999998,0.09810166666666664,1.2892663097381591
516,28515,-17.905999999999906,0.09702500000000003,1.4108061325550079
517,28569,-322.0079999999999,0.09531500000000004,1.5078864896297455
518,28610,-3.3180000000000263,0.09401666666666675,1.3643011343479157
519,28645,-98.49600000000001,0.09290833333333337,1.31687449157238
520,28682,-33.18300000000004,0.0917366666666668,1.2882412731647492
521,28720,26.99599999999998,0.09053333333333335,1.1980100923776626
522,28756,-23.42700000000005,0.08939333333333332,1.5241309428215026
523,28794,-3.0189999999999557,0.0881900000000001,1.4135446041822433
524,28856,-310.12100000000004,0.08622666666666667,1.4872703474760056
525,28894,-48.10300000000001,0.08502333333333345,1.4344029873609543
526,28934,-69.62500000000001,0.0837566666666667,1.4992857658863068
527,28995,-201.859,0.08182500000000004,1.331562054157257
528,29032,-39.53100000000006,0.08065333333333335,1.3631595116853714
529,29067,-38.162000000000035,0.07954500000000009,1.415222253203392
530,29100,-93.29,0.07850000000000001,1.2499896478652954
531,29137,11.94899999999997,0.07732833333333344,1.443273206949234
532,29192,-354.764,0.07558666666666669,1.5823570030927658
533,29231,-3.015000000000043,0.0743516666666667,1.5688187313079833
534,29268,26.980000000000018,0.07318000000000002,1.525544255375862
535,29306,-68.91399999999999,0.07197666666666669,1.5140713047981262
536,29347,-220.39,0.0706783333333334,1.4391827082633972
537,29393,-105.01200000000001,0.06922166666666674,1.444406779408455
538,29433,41.94700000000002,0.0679550000000001,1.598824798464775
539,29469,-48.031999999999925,0.06681500000000007,1.462400187253952
540,29503,-18.019999999999982,0.06573833333333334,1.3616797536611558
541,29537,-77.98199999999991,0.06466166666666673,1.5225301480293274
542,29572,-48.003,0.06355333333333335,1.4456210219860077
543,29612,-18.024000000000015,0.06228666666666671,1.5708124184608458
544,29647,-18.268,0.061178333333333446,1.5790046393871306
545,29684,26.987999999999943,0.06000666666666665,1.3063485485315323
546,29721,-33.033,0.05883499999999997,1.4384322029352188
547,29754,-63.044999999999945,0.05779000000000001,1.482294955253601
548,29788,-33.00500000000005,0.05671333333333339,1.6337660562992096
549,29823,-18.007000000000147,0.055605000000000016,1.6579434883594513
550,29856,-33.012,0.05456000000000005,1.5618931949138641
551,29891,-17.85000000000008,0.053451666666666786,1.5406595653295516
552,29924,-32.91399999999993,0.05240666666666671,1.4589152663946152
553,29961,-48.02699999999999,0.05123500000000003,1.436316351890564
554,29994,-119.04000000000003,0.05019000000000007,1.5410249054431915
555,30042,-174.61,0.050000000000000044,1.355495991706848
556,30091,-187.07100000000003,0.050000000000000044,1.4257497310638427
557,30126,-235.02499999999998,0.050000000000000044,1.5481437534093856
558,30159,-114.071,0.050000000000000044,1.567219568490982
559,30191,-63.01700000000001,0.050000000000000044,1.6981860244274138
560,30231,-68.73000000000003,0.050000000000000044,1.4141731417179109
561,30267,-3.0229999999999677,0.050000000000000044,1.3033520823717117
562,30305,-69.60699999999994,0.050000000000000044,1.5260426712036133
563,30342,11.987000000000023,0.050000000000000044,1.3460780262947083
564,30374,-48.028000000000056,0.050000000000000044,1.2953620958328247
565,30406,-83.11100000000005,0.050000000000000044,1.4970399183034897
566,30438,-63.04000000000005,0.050000000000000044,1.5106677913665771
567,30474,-48.021999999999935,0.050000000000000044,1.5030161786079406
568,30511,6.107999999999947,0.050000000000000044,1.6191649150848388
569,30542,-103.42600000000007,0.050000000000000044,1.51793399810791
570,30575,-53.42200000000007,0.050000000000000044,1.543876793384552
571,30614,11.96099999999987,0.050000000000000044,1.4346441203355789
572,30655,-165.9880000000001,0.050000000000000044,1.5764776331186294
573,30711,-333.81,0.050000000000000044,1.4182338732481004
574,30750,-3.2210000000000605,0.050000000000000044,1.6094653898477553
575,30783,-168.021,0.050000000000000044,1.5720853126049041
576,30829,-100.47500000000011,0.050000000000000044,1.409675508737564
577,30862,-78.02999999999999,0.050000000000000044,1.6020069456100463
578,30914,-688.7009999999999,0.050000000000000044,1.5357600182294846
579,30956,-99.255,0.050000000000000044,1.455632256269455
580,30993,-123.05099999999993,0.050000000000000044,1.3779245561361313
581,31047,-291.74500000000006,0.050000000000000044,1.4073484742641449
582,31085,27.014999999999986,0.050000000000000044,1.3360497599840164
583,31119,-18.036,0.050000000000000044,1.4817785382270814
584,31154,-18.03000000000003,0.050000000000000044,1.597738532423973
585,31188,-18.03800000000001,0.050000000000000044,1.6507809835672378
586,31221,-53.712,0.050000000000000044,1.4528801441192627
587,31255,-107.988,0.050000000000000044,1.6121385979652405
588,31288,-174.81700000000004,0.050000000000000044,1.4955728143453597
589,31326,-18.04000000000002,0.050000000000000044,1.6163977128267288
590,31359,-47.99999999999994,0.050000000000000044,1.5432983577251433
591,31396,11.740999999999985,0.050000000000000044,1.3037802970409393
592,31431,-53.24799999999996,0.050000000000000044,1.4393864578008653
593,31476,-393.784,0.050000000000000044,1.4345119959115982
594,31509,-62.95700000000004,0.050000000000000044,1.4680274718999862
595,31557,-233.21999999999997,0.050000000000000044,1.601705753803253
596,31597,56.98199999999985,0.050000000000000044,1.3448486137390137
597,31631,-33.016000000000055,0.050000000000000044,1.4533078467845917
598,31667,-33.039000000000016,0.050000000000000044,1.4679222041368485
599,31698,-63.04200000000003,0.050000000000000044,1.5817411863803863
600,31733,-63.010000000000005,0.050000000000000044,1.3005483961105346
601,31774,41.972999999999985,0.050000000000000044,1.5887594109773635
602,31812,11.989000000000004,0.050000000000000044,1.9255312174558639
603,31848,-17.980000000000047,0.050000000000000044,1.5794699889421464
604,31907,-302.26800000000003,0.050000000000000044,1.473573385477066
605,31956,-219.22900000000007,0.050000000000000044,1.3696645027399064
606,31990,-33.013000000000076,0.050000000000000044,1.5949279654026032
607,32025,-63.208,0.050000000000000044,1.6204033982753754
608,32058,-53.40999999999999,0.050000000000000044,1.6716662096977233
609,32097,-63.293000000000006,0.050000000000000044,1.8379109901189805
610,32138,-270.577,0.050000000000000044,1.7559272277355193
611,32175,-18.041000000000068,0.050000000000000044,1.6952999329566956
612,32219,-159.5810000000001,0.050000000000000044,1.5624462354183197
613,32252,-33.01800000000003,0.050000000000000044,1.651491609811783
614,32290,-78.54700000000011,0.050000000000000044,1.5819834595918656
615,32331,-108.0160000000001,0.050000000000000044,1.4844415944814682
616,32365,-24.22699999999999,0.050000000000000044,1.6546278923749924
617,32399,-119.43100000000003,0.050000000000000044,1.4867713114619254
618,32437,-198.27900000000002,0.050000000000000044,1.553916090130806
619,32473,-62.998000000000076,0.050000000000000044,1.6149857079982757
620,32507,-33.016000000000105,0.050000000000000044,1.4429877191781997
621,32538,-73.81299999999999,0.050000000000000044,1.6596119886636733
622,32579,-8.747000000000071,0.050000000000000044,1.7076260489225388
623,32611,-68.20900000000009,0.050000000000000044,1.7074839395284653
624,32646,-18.014000000000067,0.050000000000000044,1.6250679636001586
625,32682,11.988999999999976,0.050000000000000044,1.6780200546979904
626,32722,-3.482000000000056,0.050000000000000044,1.6752791219949723
627,32755,-33.01899999999993,0.050000000000000044,1.756817514896393
628,32787,-63.027,0.050000000000000044,1.4651627439260482
629,32822,-68.34199999999998,0.050000000000000044,1.504483260512352
630,32855,-32.99600000000004,0.050000000000000044,1.5569297075271606
631,32887,-93.02699999999999,0.050000000000000044,1.5985258793830872
632,32920,-108.00299999999999,0.050000000000000044,1.6273506951332093
633,32954,-18.035999999999916,0.050000000000000044,1.5230920368432999
634,32986,-63.01600000000002,0.050000000000000044,1.5859648084640503
635,33027,-314.81800000000004,0.050000000000000044,1.6760574722290038
636,33069,-415.685,0.050000000000000044,1.6573263615369798
637,33118,-269.37299999999993,0.050000000000000044,1.5379836869239807
638,33152,-84.209,0.050000000000000044,1.5047051370143891
639,33189,11.970000000000098,0.050000000000000044,1.6673399937152862
640,33239,-129.654,0.050000000000000044,1.6631397503614425
641,33274,-23.315000000000026,0.050000000000000044,1.4801176410913468
642,33329,-350.2679999999999,0.050000000000000044,1.5550673979520797
643,33366,-29.113999999999976,0.050000000000000044,1.5348719424009323
644,33415,-221.96800000000005,0.050000000000000044,1.7318534392118454
645,33452,11.989999999999895,0.050000000000000044,1.5544971537590027
646,33485,-53.60300000000001,0.050000000000000044,1.7422931569814681
647,33519,-63.025000000000034,0.050000000000000044,1.706750096678734
648,33554,-108.029,0.050000000000000044,1.4308627671003342
649,33586,-93.03699999999995,0.050000000000000044,1.6660517954826355
650,33628,-24.02500000000009,0.050000000000000044,1.6990322041511536
651,33670,-168.48900000000006,0.050000000000000044,1.667598152756691
652,33710,-9.792999999999992,0.050000000000000044,1.7033027839660644
653,33749,26.984999999999943,0.050000000000000044,1.6848974418640137
654,33788,56.990000000000094,0.050000000000000044,1.5669080567359925
655,33822,-53.58299999999997,0.050000000000000044,1.659500904083252
656,33858,-3.0220000000000624,0.050000000000000044,1.7059170138835906
657,33892,-33.03500000000011,0.050000000000000044,1.702839151620865
658,33927,-38.310000000000024,0.050000000000000044,1.5691274791955947
659,33960,-63.02500000000009,0.050000000000000044,1.615801794528961
660,34001,-389.69900000000007,0.050000000000000044,1.5307012367248536
661,34034,-68.73300000000003,0.050000000000000044,1.7762361067533492
662,34073,-104.35000000000007,0.050000000000000044,1.6697156113386153
663,34106,-78.03000000000006,0.050000000000000044,1.6697789543867112
664,34155,-428.8859999999999,0.050000000000000044,1.5711556220054625
665,34190,-32.92500000000007,0.050000000000000044,1.531953353881836
666,34231,-68.424,0.050000000000000044,1.4523463082313537
667,34266,-33.01399999999998,0.050000000000000044,1.6820861327648162
668,34309,-114.58700000000002,0.050000000000000044,1.6159618699550629
669,34343,-33.02499999999998,0.050000000000000044,1.6848358565568924
670,34380,11.991000000000042,0.050000000000000044,1.7025299501419067
671,34415,-17.95700000000005,0.050000000000000044,1.609673988223076
672,34452,-3.4079999999999657,0.050000000000000044,1.6128860527276994
673,34489,-3.001000000000012,0.050000000000000044,1.647957513332367
674,34527,-33.043999999999954,0.050000000000000044,1.5944014900922776
675,34564,-33.019,0.050000000000000044,1.5106965619325639
676,34598,-18.009000000000043,0.050000000000000044,1.8357287228107453
677,34632,-17.947000000000003,0.050000000000000044,1.7255852389335633
678,34713,-924.6899999999996,0.050000000000000044,1.6247493374347686
679,34776,-592.78,0.050000000000000044,1.4947209924459457
680,34809,-33.007000000000005,0.050000000000000044,1.5173850429058076
681,34844,-39.03200000000004,0.050000000000000044,1.5420014643669129
682,34879,-107.98200000000006,0.050000000000000044,1.5647969275712967
683,34918,-120.04999999999995,0.050000000000000044,1.7028806382417678
684,34961,-151.86499999999998,0.050000000000000044,1.8923512232303619
685,35000,27.01900000000004,0.050000000000000044,1.7086039233207702
686,35034,-32.99100000000016,0.050000000000000044,1.755045903325081
687,35066,-48.01300000000002,0.050000000000000044,1.7407895344495774
688,35101,-48.02500000000005,0.050000000000000044,1.8214614790678025
689,35136,-78.02399999999992,0.050000000000000044,1.8879245483875275
690,35173,-168.03000000000003,0.050000000000000044,1.6972745656967163
691,35221,-298.34999999999997,0.050000000000000044,1.622590257525444
692,35258,-3.0249999999999986,0.050000000000000044,1.7516400247812272
693,35290,-78.01599999999998,0.050000000000000044,1.6587048256397248
694,35323,-39.23099999999997,0.050000000000000044,1.5855196684598922
695,35361,12.04699999999994,0.050000000000000044,1.700814859867096
696,35395,-78.00399999999998,0.050000000000000044,1.55521120429039
697,35431,11.98000000000006,0.050000000000000044,1.5392235976457596
698,35493,-727.5279999999999,0.050000000000000044,1.8230643415451049
699,35526,-98.071,0.050000000000000044,1.6862817031145096
700,35563,-48.035000000000046,0.050000000000000044,1.7581709343194962
701,35600,-2.9879999999999995,0.050000000000000044,1.7002148294448853
702,35650,-150.523,0.050000000000000044,1.537915740609169
703,35693,-150.45500000000004,0.050000000000000044,1.7437612587213516
704,35743,-303.7169999999999,0.050000000000000044,1.5240301704406738
705,35779,-33.37799999999999,0.050000000000000044,1.6248686766624452
706,35815,11.974000000000075,0.050000000000000044,1.7377926176786422
707,35855,41.97499999999992,0.050000000000000044,1.6657947731018066
708,35887,-188.12900000000002,0.050000000000000044,1.564533269405365
709,35928,-240.366,0.050000000000000044,1.5487469482421874
710,35964,-168.01500000000001,0.050000000000000044,1.6746971893310547
711,35996,-62.99899999999994,0.050000000000000044,1.5509766447544098
712,36050,-246.444,0.050000000000000044,1.6172139602899551
713,36082,-48.03000000000006,0.050000000000000044,1.5742345750331879
714,36111,-152.972,0.050000000000000044,1.4980406630039216
715,36148,-3.309999999999995,0.050000000000000044,1.5408496785163879
716,36179,-138.074,0.050000000000000044,1.6190055161714554
717,36230,-462.41299999999995,0.050000000000000044,1.4760831022262573
718,36284,-48.20000000000003,0.050000000000000044,1.8162446880340577
719,36328,-121.2430000000001,0.050000000000000044,1.7975711196660995
720,36361,-48.02399999999999,0.050000000000000044,1.897568198442459
721,36407,-54.15899999999998,0.050000000000000044,1.8862705701589584
722,36439,-69.39399999999996,0.050000000000000044,1.7658515691757202
723,36477,-33.232000000000035,0.050000000000000044,1.6999113845825196
724,36509,-77.97800000000004,0.050000000000000044,1.7589242124557496
725,36546,-123.37700000000007,0.050000000000000044,1.8021152752637863
726,36583,-203.20299999999995,0.050000000000000044,1.7116458201408387
727,36625,-168.424,0.050000000000000044,1.5108645153045654
728,36657,-78.03299999999993,0.050000000000000044,1.8112260097265243
729,36692,-38.41700000000003,0.050000000000000044,1.7963321477174758
730,36730,11.739999999999966,0.050000000000000044,1.7081530553102493
731,36767,-123.23200000000011,0.050000000000000044,1.5765739291906358
732,36797,-103.33499999999998,0.050000000000000044,1.7343334060907365
733,36831,-18.029999999999973,0.050000000000000044,1.6375901818275451
734,36861,-83.52199999999999,0.050000000000000044,1.6571688228845596
735,36897,-18.012999999999977,0.050000000000000044,1.6079902756214142
736,36926,-138.01200000000003,0.050000000000000044,1.4368558949232102
737,36962,-18.05499999999998,0.050000000000000044,1.5956274253129958
738,36998,11.984999999999957,0.050000000000000044,1.6127611714601517
739,37030,-47.950000000000045,0.050000000000000044,1.6943665277957916
740,37064,-17.96600000000008,0.050000000000000044,1.7063190394639969
741,37112,-189.50100000000012,0.050000000000000044,1.7939572620391846
742,37148,11.978999999999985,0.050000000000000044,1.52290000975132
743,37197,-167.15500000000011,0.050000000000000044,1.3773689043521882
744,37231,-18.01500000000007,0.050000000000000044,1.6885862118005752
745,37265,-18.030000000000058,0.050000000000000044,1.7991286361217498
746,37308,-39.64800000000007,0.050000000000000044,1.5759182888269425
747,37345,12.012000000000114,0.050000000000000044,1.625292866230011
748,37380,-3.0249999999999773,0.050000000000000044,1.6453382074832916
749,37417,-18.000999999999976,0.050000000000000044,1.8299177980422974
750,37449,-63.02900000000008,0.050000000000000044,1.8433200895786286
751,37484,-75.92200000000003,0.050000000000000044,1.6937727189064027
752,37522,26.98100000000008,0.050000000000000044,1.58234825193882
753,37559,-69.36600000000008,0.050000000000000044,1.7940974706411361
754,37593,-33.02799999999999,0.050000000000000044,1.9002098500728608
755,37628,-48.02699999999996,0.050000000000000044,1.6458134227991104
756,37661,-53.52299999999997,0.050000000000000044,1.70701462328434
757,37695,-83.54399999999993,0.050000000000000044,1.7624169152975082
758,37730,-2.9460000000000264,0.050000000000000044,1.8448343622684478
759,37762,-78.00199999999997,0.050000000000000044,1.9708522439002991
760,37800,-63.3250000000001,0.050000000000000044,1.8250808387994766
761,37840,-123.28199999999998,0.050000000000000044,1.7060325622558594
762,37874,-33.022999999999996,0.050000000000000044,1.8787570559978486
763,37909,-18.021999999999963,0.050000000000000044,1.7965100920200348
764,37940,-63.03000000000006,0.050000000000000044,1.9286610859632491
765,37973,-152.98700000000002,0.050000000000000044,1.6823336738348007
766,38004,-78.03499999999997,0.050000000000000044,1.599223988056183
767,38044,-104.60300000000004,0.050000000000000044,1.6168015563488007
768,38079,-2.9819999999999993,0.050000000000000044,1.7460897666215898
769,38121,25.965999999999937,0.050000000000000044,1.6632340037822724
770,38155,-23.41900000000001,0.050000000000000044,1.5945835983753205
771,38198,-383.94500000000005,0.050000000000000044,1.9228910505771637
772,38245,-204.17700000000002,0.050000000000000044,1.7844399571418763
773,38323,-566.1910000000001,0.050000000000000044,1.6612973290681838
774,38360,-113.73200000000006,0.050000000000000044,1.7337454515695572
775,38411,-149.885,0.050000000000000044,1.9478779083490372
776,38451,-8.635999999999981,0.050000000000000044,1.9127243626117707
777,38490,-75.387,0.050000000000000044,1.7714772766828537
778,38531,21.59799999999995,0.050000000000000044,1.8152519053220748
779,38564,-93.02799999999998,0.050000000000000044,2.048910880088806
780,38601,-38.901000000000025,0.050000000000000044,1.7728430193662643
781,38646,-179.601,0.050000000000000044,1.7680048710107803
782,38682,-93.02700000000007,0.050000000000000044,2.0087735348939897
783,38723,-150.00200000000007,0.050000000000000044,1.8819602769613266
784,38757,-78.03399999999996,0.050000000000000044,1.5487824392318725
785,38791,-48.03,0.050000000000000044,1.7473657423257827
786,38827,-63.00900000000007,0.050000000000000044,1.7109900361299515
787,38870,-174.33399999999997,0.050000000000000044,1.7961886608600617
788,38904,-33.014999999999986,0.050000000000000044,1.7396767824888228
789,38998,-1123.3359999999993,0.050000000000000044,1.7313638973236083
790,39029,-83.81100000000004,0.050000000000000044,1.4401048558950424
791,39063,-48.00400000000002,0.050000000000000044,1.817835389971733
792,39097,-38.72000000000002,0.050000000000000044,1.719935104250908
793,39129,-47.96800000000002,0.050000000000000044,1.8464342945814132
794,39162,-32.96599999999995,0.050000000000000044,1.7088657915592194
795,39197,-3.026999999999987,0.050000000000000044,1.6821332120895385
796,39232,-108.02600000000008,0.050000000000000044,1.5616278398036956
797,39268,-63.000999999999934,0.050000000000000044,1.6967240786552429
798,39304,-8.400000000000048,0.050000000000000044,1.7656979125738144
799,39344,-155.919,0.050000000000000044,1.692258648276329
800,39379,-32.961999999999954,0.050000000000000044,1.957143412232399
801,39413,-63.031000000000006,0.050000000000000044,1.7938712000846864
802,39451,-153.828,0.050000000000000044,1.6500069016218186
803,39496,-344.83700000000005,0.050000000000000044,1.5036280727386475
804,39532,-273.6719999999999,0.050000000000000044,1.5560771816968917
805,39576,-39.07499999999996,0.050000000000000044,1.6116264325380325
806,39615,-48.19400000000004,0.050000000000000044,1.8906539708375931
807,39652,12.036999999999864,0.050000000000000044,1.8953216254711152
808,39688,6.58899999999997,0.050000000000000044,1.7435676902532578
809,39724,-108.03200000000004,0.050000000000000044,1.7965988439321519
810,39758,-78.03799999999995,0.050000000000000044,2.1050801676511766
811,39795,26.994000000000057,0.050000000000000044,1.8263533735275268
812,39830,-63.081999999999994,0.050000000000000044,1.5283340233564378
813,39871,-183.363,0.050000000000000044,1.7832688212394714
814,39909,11.974999999999909,0.050000000000000044,1.9215149903297424
815,39964,-262.96300000000014,0.050000000000000044,1.7902936607599258
816,40002,-63.07400000000007,0.050000000000000044,1.9595443934202195
817,40037,-17.962000000000025,0.050000000000000044,1.9171032470464706
818,40070,-62.91300000000001,0.050000000000000044,1.6966782683134078
819,40107,-55.258000000000024,0.050000000000000044,1.6990598791837692
820,40152,-236.835,0.050000000000000044,1.9593152219057084
821,40186,-47.994,0.050000000000000044,1.7317370122671127
822,40222,-8.917000000000009,0.050000000000000044,2.0795902854204176
823,40256,-18.01800000000003,0.050000000000000044,1.8585122096538544
824,40289,-63.019999999999904,0.050000000000000044,1.693947035074234
825,40323,-33.01300000000006,0.050000000000000044,1.8337611895799637
826,40365,-284.0829999999999,0.050000000000000044,2.1053714817762375
827,40400,-3.0179999999999794,0.050000000000000044,2.0639675563573836
828,40455,-555.29,0.050000000000000044,1.8709789580106735
829,40502,-141.885,0.050000000000000044,2.0506518578529356
830,40532,-93.01999999999995,0.050000000000000044,2.019043820500374
831,40568,12.00699999999999,0.050000000000000044,1.7662043911218643
832,40605,-75.85900000000004,0.050000000000000044,1.6935282373428344
833,40645,-236.74399999999994,0.050000000000000044,1.7110834509134292
834,40679,-123.263,0.050000000000000044,1.7050392013788223
835,40713,-33.037000000000035,0.050000000000000044,1.593917091488838
836,40746,-78.02299999999997,0.050000000000000044,1.7385139673948289
837,40782,11.974999999999994,0.050000000000000044,1.802495663166046
838,40814,-123.01299999999996,0.050000000000000044,1.8599309939146043
839,40851,-58.333999999999975,0.050000000000000044,1.713935084939003
840,40905,-360.00399999999985,0.050000000000000044,2.162983402609825
841,40943,26.9790000000001,0.050000000000000044,2.0104411846399306
842,40983,-18.206000000000103,0.050000000000000044,1.988933069705963
843,41021,-93.63999999999989,0.050000000000000044,1.7862123024463654
844,41060,42.003999999999905,0.050000000000000044,1.5562487304210664
845,41105,-33.34999999999998,0.050000000000000044,1.8203623181581496
846,41142,-14.914000000000058,0.050000000000000044,1.8058867919445039
847,41177,-78.03299999999999,0.050000000000000044,1.6531289649009704
848,41210,-47.99599999999998,0.050000000000000044,1.653149379491806
849,41245,-18.038000000000082,0.050000000000000044,1.7237251049280167
850,41279,-38.124000000000024,0.050000000000000044,1.8353402936458587
851,41317,26.967999999999975,0.050000000000000044,1.762873946428299
852,41351,-100.13700000000009,0.050000000000000044,2.000027235150337
853,41389,-3.191000000000102,0.050000000000000044,2.0779150837659834
854,41430,-93.27500000000003,0.050000000000000044,1.877023884654045
855,41467,-3.0189999999999486,0.050000000000000044,1.906685751080513
856,41501,-47.980999999999995,0.050000000000000044,2.078244472146034
857,41536,-33.02599999999998,0.050000000000000044,1.7905782955884932
858,41570,-63.02500000000005,0.050000000000000044,1.7445549941062928
859,41609,56.96599999999998,0.050000000000000044,1.7705663919448853
860,41668,-465.26200000000006,0.050000000000000044,1.8732099455595017
861,41702,-48.017,0.050000000000000044,1.8695254796743392
862,41750,-204.88999999999996,0.050000000000000044,2.0415275967121125
863,41788,-233.87199999999999,0.050000000000000044,1.8590352213382721
864,41829,-190.04600000000002,0.050000000000000044,1.8518638342618943
865,41866,-18.027999999999963,0.050000000000000044,1.8813754630088806
866,41924,-360.69999999999993,0.050000000000000044,1.8124911677837372
867,41972,-100.24500000000008,0.050000000000000044,1.7975110733509063
868,42007,-18.043000000000006,0.050000000000000044,2.0777665221691133
869,42053,5.756999999999962,0.050000000000000044,1.6266323184967042
870,42088,-17.988,0.050000000000000044,1.7299206811189651
871,42126,11.97799999999998,0.050000000000000044,1.7072603803873063
872,42171,-279.947,0.050000000000000044,1.9370800191164017
873,42205,-47.957999999999956,0.050000000000000044,2.00712453186512
874,42246,-18.185000000000084,0.050000000000000044,1.9120001727342606
875,42279,-58.287999999999904,0.050000000000000044,1.844670419692993
876,42313,-18.022999999999854,0.050000000000000044,1.591634617447853
877,42400,-1203.9879999999996,0.050000000000000044,1.814763943552971
878,42445,-303.6040000000001,0.050000000000000044,1.7671692395210266
879,42480,-2.9990000000000805,0.050000000000000044,1.8249079674482345
880,42519,-180.71800000000007,0.050000000000000044,1.6713034331798553
881,42553,-18.010000000000076,0.050000000000000044,1.7248037326335908
882,42590,11.989000000000061,0.050000000000000044,1.895934534072876
883,42627,21.683000000000007,0.050000000000000044,1.8499916577339173
884,42664,-32.983000000000054,0.050000000000000044,1.738290584087372
885,42698,-48.29199999999997,0.050000000000000044,1.8839452183246612
886,42764,-295.0240000000001,0.050000000000000044,1.87972727060318
887,42817,-440.87199999999984,0.050000000000000044,1.7534536445140838
888,42849,-93.04000000000002,0.050000000000000044,1.7700454324483872
889,42890,-198.33400000000006,0.050000000000000044,1.9967434012889862
890,42930,-114.51599999999998,0.050000000000000044,1.9906171816587448
891,42968,-48.03699999999999,0.050000000000000044,1.9287621593475341
892,43002,-33.03200000000001,0.050000000000000044,1.9475508093833924
893,43036,-83.447,0.050000000000000044,1.891043682694435
894,43068,-83.24099999999996,0.050000000000000044,2.030335052013397
895,43128,-355.187,0.050000000000000044,1.9729766321182252
896,43163,-69.617,0.050000000000000044,1.893745756149292
897,43195,-153.06100000000004,0.050000000000000044,1.7283010667562484
898,43234,-33.04000000000003,0.050000000000000044,1.6938492387533188
899,43267,-32.98200000000003,0.050000000000000044,1.907644606232643
900,43308,-3.034000000000063,0.050000000000000044,1.8846008098125457
901,43344,-47.99000000000002,0.050000000000000044,1.8298814594745636
902,43380,-134.567,0.050000000000000044,1.9391005474328995
903,43414,-78.003,0.050000000000000044,1.857746104001999
904,43443,-173.52299999999997,0.050000000000000044,1.7635166883468627
905,43516,-1029.0619999999997,0.050000000000000044,1.9214388233423234
906,43576,-608.3349999999999,0.050000000000000044,1.861908028125763
907,43614,-2.9700000000000273,0.050000000000000044,1.861583965420723
908,43645,-108.03400000000002,0.050000000000000044,1.8305598717927933
909,43680,-168.03500000000005,0.050000000000000044,1.8841684281826019
910,43734,-495.73999999999995,0.050000000000000044,1.975580871105194
911,43771,26.969999999999985,0.050000000000000044,1.9508495897054672
912,43809,-74.923,0.050000000000000044,1.8401826471090317
913,43843,-62.99800000000002,0.050000000000000044,1.5972128629684448
914,43888,-355.21,0.050000000000000044,1.7958370274305344
915,43935,-54.30099999999989,0.050000000000000044,1.9161315071582794
916,43974,-3.2890000000000725,0.050000000000000044,1.884854439496994
917,44010,-159.811,0.050000000000000044,1.9891673469543456
918,44047,-3.029999999999916,0.050000000000000044,1.9056134468317032
919,44081,-18.01200000000003,0.050000000000000044,1.8477508801221847
920,44116,-63.01800000000001,0.050000000000000044,2.1120873028039933
921,44152,-3.003999999999934,0.050000000000000044,1.6256678360700607
922,44197,-235.611,0.050000000000000044,1.9763229644298554
923,44232,-48.05099999999999,0.050000000000000044,1.8421231281757355
924,44272,-48.03400000000016,0.050000000000000044,1.9873217964172363
925,44307,-32.96600000000004,0.050000000000000044,1.7803335678577423
926,44339,-98.126,0.050000000000000044,1.7004289495944978
927,44393,-208.40599999999998,0.050000000000000044,1.778851374387741
928,44429,-3.0339999999999776,0.050000000000000044,1.9878821831941604
929,44475,-467.11400000000015,0.050000000000000044,1.8853138434886931
930,44548,-239.372,0.050000000000000044,1.9779992836713791
931,44584,11.965999999999838,0.050000000000000044,1.9563265198469162
932,44617,-62.995000000000054,0.050000000000000044,1.8386633276939393
933,44650,-63.025000000000034,0.050000000000000044,1.9236322343349457
934,44686,-77.99200000000005,0.050000000000000044,2.1791853046417238
935,44721,-53.52900000000004,0.050000000000000044,2.154395043849945
936,44793,-174.29900000000026,0.050000000000000044,2.0651379126310347
937,44828,-98.53700000000009,0.050000000000000044,1.7803569507598878
938,44885,-295.417,0.050000000000000044,1.6785372787714004
939,44938,-85.0,0.050000000000000044,1.7412538933753967
940,44973,-47.98800000000003,0.050000000000000044,1.7370642483234406
941,45007,-17.99700000000007,0.050000000000000044,2.0283161866664887
942,45039,-48.024,0.050000000000000044,1.9013198482990266
943,45076,26.993999999999943,0.050000000000000044,2.016019102334976
944,45121,-135.32999999999996,0.050000000000000044,1.6783300471305846
945,45156,-18.00700000000009,0.050000000000000044,1.630403959751129
946,45190,-78.03000000000014,0.050000000000000044,1.776196414232254
947,45228,-228.81500000000005,0.050000000000000044,1.9824911433458328
948,45265,6.485999999999962,0.050000000000000044,2.27245378613472
949,45307,-235.08499999999992,0.050000000000000044,1.869844759106636
950,45338,-98.72800000000001,0.050000000000000044,1.9036321312189102
951,45376,36.804,0.050000000000000044,2.0925967401266097
952,45411,-18.02299999999994,0.050000000000000044,1.9806850761175157
953,45466,-384.564,0.050000000000000044,1.776599457859993
954,45500,-48.02800000000002,0.050000000000000044,1.8355576038360595
955,45535,-3.0100000000000477,0.050000000000000044,1.7863017863035202
956,45587,-3.3259999999999366,0.050000000000000044,2.032052102088928
957,45619,-78.82399999999996,0.050000000000000044,1.8802102267742158
958,45658,-38.22600000000004,0.050000000000000044,2.2289359241724016
959,45695,26.99399999999997,0.050000000000000044,2.1222914308309555
960,45731,-108.44000000000003,0.050000000000000044,2.0701042264699936
961,45768,-18.02999999999986,0.050000000000000044,2.1840615874528884
962,45817,-117.557,0.050000000000000044,1.9629754793643952
963,45852,-18.030000000000015,0.050000000000000044,1.8354610246419907
964,45884,-62.992999999999995,0.050000000000000044,1.8070531630516051
965,45917,-107.99400000000003,0.050000000000000044,2.0856628000736235
966,45947,-92.99300000000002,0.050000000000000044,1.9905197435617448
967,46001,-205.48000000000002,0.050000000000000044,2.048048114180565
968,46046,-305.61000000000007,0.050000000000000044,1.6820815962553024
969,46086,26.979999999999947,0.050000000000000044,1.7034435886144639
970,46132,-138.822,0.050000000000000044,1.9761743706464767
971,46173,-166.235,0.050000000000000044,2.035042568445206
972,46211,-153.59399999999994,0.050000000000000044,1.9077104616165161
973,46257,-18.448000000000008,0.050000000000000044,2.0427072513103486
974,46294,-93.04699999999998,0.050000000000000044,1.9154635113477707
975,46332,-3.0389999999999873,0.050000000000000044,1.6126088732481003
976,46370,42.02400000000002,0.050000000000000044,1.8858108198642731
977,46401,-69.30899999999997,0.050000000000000044,1.8160998594760895
978,46448,-258.73499999999996,0.050000000000000044,1.903520941734314
979,46482,-33.29600000000002,0.050000000000000044,2.003337039351463
980,46520,15.269999999999975,0.050000000000000044,1.7061136591434478
981,46555,-47.99799999999999,0.050000000000000044,1.9267502838373185
982,46591,-138.14199999999997,0.050000000000000044,2.007485991716385
983,46625,-18.03100000000012,0.050000000000000044,1.9996053314208984
984,46661,-18.011000000000053,0.050000000000000044,1.9528738218545914
985,46697,11.956000000000031,0.050000000000000044,1.7779628229141236
986,46733,6.269999999999982,0.050000000000000044,1.70821437895298
987,46775,-134.94400000000002,0.050000000000000044,1.766129003763199
988,46825,-427.7550000000001,0.050000000000000044,1.9735945135354995
989,46865,-188.88400000000004,0.050000000000000044,1.7994081097841264
990,46903,-136.61799999999994,0.050000000000000044,1.86871069252491
991,46938,-18.010999999999996,0.050000000000000044,1.8169646525382996
992,46971,-33.02299999999994,0.050000000000000044,1.8076129478216172
993,47008,-63.05500000000005,0.050000000000000044,1.9512622445821761
994,47056,-190.092,0.050000000000000044,1.7920203632116318
995,47103,-277.0990000000001,0.050000000000000044,2.117404745221138
996,47142,-18.30299999999992,0.050000000000000044,1.7812639462947846
997,47178,-47.956000000000074,0.050000000000000044,1.7343944197893142
998,47212,-47.99300000000002,0.050000000000000044,1.874159249663353
999,47256,-113.92899999999997,0.050000000000000044,2.2159749299287794
1000,47291,-3.0349999999999824,0.050000000000000044,1.913497631549835
1001,47338,-120.726,0.050000000000000044,1.791111717224121
1002,47373,-2.990000000000066,0.050000000000000044,1.8547081279754638
1003,47407,-33.03499999999999,0.050000000000000044,1.602275646328926
1004,47436,-108.02000000000001,0.050000000000000044,1.9814709007740021
1005,47470,-53.30299999999997,0.050000000000000044,1.9141817164421082
1006,47510,-144.28600000000003,0.050000000000000044,1.7026946979761124
1007,47543,-47.99399999999997,0.050000000000000044,1.9467738234996796
1008,47582,-104.63799999999996,0.050000000000000044,2.2740394860506057
1009,47617,-2.9900000000000375,0.050000000000000044,1.9434446489810944
1010,47656,-129.74600000000007,0.050000000000000044,1.8024289530515671
1011,47690,-48.01299999999992,0.050000000000000044,1.9498134768009185
1012,47723,-33.03000000000007,0.050000000000000044,1.9258492869138717
1013,47757,-33.02700000000007,0.050000000000000044,1.9672401809692384
1014,47794,-98.12499999999999,0.050000000000000044,2.0225447911024093
1015,47829,-3.019000000000034,0.050000000000000044,1.9050527554750443
1016,47864,-44.00200000000001,0.050000000000000044,2.2856065899133684
1017,47904,-303.61100000000005,0.050000000000000044,1.6950012183189391
1018,47951,-105.5199999999999,0.050000000000000044,1.931783772110939
1019,47982,-63.027000000000015,0.050000000000000044,1.7747237640619278
1020,48016,-17.976000000000028,0.050000000000000044,1.8567707628011703
1021,48060,-78.13199999999989,0.050000000000000044,1.8665940529108047
1022,48110,-232.53200000000004,0.050000000000000044,1.8784629666805268
1023,48144,-74.03300000000003,0.050000000000000044,1.813889023065567
1024,48179,-18.043000000000063,0.050000000000000044,1.7738327443599702
1025,48224,-263.78000000000003,0.050000000000000044,2.155869905948639
1026,48257,-63.033999999999935,0.050000000000000044,2.0888988322019575
1027,48290,-33.031999999999904,0.050000000000000044,1.9026960778236388
1028,48329,11.957000000000022,0.050000000000000044,2.0427390688657763
1029,48379,-63.17,0.050000000000000044,2.1588847178220747
1030,48413,-33.009999999999934,0.050000000000000044,1.9357425904273986
1031,48448,-18.04200000000003,0.050000000000000044,1.9225452440977095
1032,48481,-53.62700000000001,0.050000000000000044,1.7615656912326814
1033,48526,-48.99200000000013,0.050000000000000044,1.7915896934270858
1034,48566,71.96500000000009,0.050000000000000044,2.0027587211132047
1035,48601,-3.0070000000000903,0.050000000000000044,1.7990948671102525
1036,48637,-48.04699999999994,0.050000000000000044,1.8945136833190919
1037,48676,-63.06400000000016,0.050000000000000044,1.8999225914478302
1038,48722,-200.6570000000001,0.050000000000000044,2.067808410525322
1039,48757,-48.01399999999995,0.050000000000000044,1.7730565965175629
1040,48788,-108.01800000000006,0.050000000000000044,1.9710697656869889
1041,48822,-18.033000000000072,0.050000000000000044,1.8083370292186738
1042,48857,-168.026,0.050000000000000044,1.7329248398542405
1043,48891,-23.173000000000116,0.050000000000000044,1.7596790879964828
1044,48928,-158.229,0.050000000000000044,1.705463514328003
1045,48960,-48.03800000000003,0.050000000000000044,1.7923712569475174
1046,48995,-107.86200000000005,0.050000000000000044,1.943209855556488
1047,49045,-273.782,0.050000000000000044,1.850975968837738
1048,49084,-346.65799999999996,0.050000000000000044,2.216506494283676
1049,49123,-93.47,0.050000000000000044,2.2328294217586517
1050,49156,-33.01700000000005,0.050000000000000044,2.0738434252142905
1051,49196,-78.37599999999995,0.050000000000000044,2.0194211009144785
1052,49233,-99.33900000000003,0.050000000000000044,2.2710933512449265
1053,49269,11.986000000000018,0.050000000000000044,2.078972692489624
1054,49316,-206.272,0.050000000000000044,1.98020934343338
1055,49350,-78.03900000000002,0.050000000000000044,1.9932845157384873
1056,49381,-195.243,0.050000000000000044,1.8548633152246474
1057,49416,-188.53399999999993,0.050000000000000044,1.8906556975841522
1058,49452,-33.277000000000044,0.050000000000000044,1.6435002613067626
1059,49486,-93.368,0.050000000000000044,1.990860458612442
1060,49521,-18.016000000000062,0.050000000000000044,2.1353414249420166
1061,49556,-32.99799999999999,0.050000000000000044,1.9510996556282043
1062,49598,-218.42999999999992,0.050000000000000044,1.9884991884231566
1063,49635,-310.347,0.050000000000000044,1.8497911590337752
1064,49676,-280.0480000000001,0.050000000000000044,2.1058312940597532
1065,49709,-48.021000000000015,0.050000000000000044,1.9915649366378785
1066,49740,-108.01900000000003,0.050000000000000044,1.9757546073198318
1067,49779,11.960999999999927,0.050000000000000044,2.0945580220222473
1068,49816,-2.996000000000066,0.050000000000000044,2.0281220948696137
1069,49903,-1372.1979999999994,0.050000000000000044,2.150463489294052
1070,49940,-18.03299999999998,0.050000000000000044,1.859837802052498
1071,49989,-234.90399999999997,0.050000000000000044,1.9654162126779555
